id,name,model_id:id,group_id:id,perm_read,perm_write,perm_create,perm_unlink
access_skyline_membership_officer,skyline.membership.officer,model_skyline_membership,group_skyline_officer,1,1,1,1
access_skyline_membership_student,skyline.membership.student,model_skyline_membership,group_skyline_student,1,0,0,0
access_skyline_membership_public,skyline.membership.public,model_skyline_membership,base.group_public,1,0,0,0
access_skyline_event_officer,skyline.event.officer,model_skyline_event,group_skyline_officer,1,1,1,1
access_skyline_event_student,skyline.event.student,model_skyline_event,group_skyline_student,1,0,0,0
access_skyline_event_public,skyline.event.public,model_skyline_event,base.group_public,1,0,0,0
access_skyline_ticket_officer,skyline.ticket.officer,model_skyline_ticket,group_skyline_officer,1,1,1,1
access_skyline_ticket_student,skyline.ticket.student,model_skyline_ticket,group_skyline_student,1,1,1,0
access_skyline_ticket_public,skyline.ticket.public,model_skyline_ticket,base.group_public,1,1,1,0
access_skyline_merch_officer,skyline.merch.officer,model_skyline_merch,group_skyline_officer,1,1,1,1
access_skyline_merch_student,skyline.merch.student,model_skyline_merch,group_skyline_student,1,0,0,0
access_skyline_merch_public,skyline.merch.public,model_skyline_merch,base.group_public,1,0,0,0
access_skyline_order_officer,skyline.order.officer,model_skyline_order,group_skyline_officer,1,1,1,1
access_skyline_order_student,skyline.order.student,model_skyline_order,group_skyline_student,1,1,1,0
access_skyline_order_public,skyline.order.public,model_skyline_order,base.group_public,1,1,1,0
access_skyline_order_line_officer,skyline.order.line.officer,model_skyline_order_line,group_skyline_officer,1,1,1,1
access_skyline_order_line_student,skyline.order.line.student,model_skyline_order_line,group_skyline_student,1,1,1,0
access_skyline_order_line_public,skyline.order.line.public,model_skyline_order_line,base.group_public,1,1,1,0
access_skyline_announcement_officer,skyline.announcement.officer,model_skyline_announcement,group_skyline_officer,1,1,1,1
access_skyline_announcement_student,skyline.announcement.student,model_skyline_announcement,group_skyline_student,1,0,0,0
access_skyline_announcement_public,skyline.announcement.public,model_skyline_announcement,base.group_public,1,0,0,0
access_skyline_volunteer_officer,skyline.volunteer.task.officer,model_skyline_volunteer_task,group_skyline_officer,1,1,1,1
access_skyline_volunteer_student,skyline.volunteer.task.student,model_skyline_volunteer_task,group_skyline_student,1,0,0,0
access_skyline_fundraiser_officer,skyline.fundraiser.officer,model_skyline_fundraiser,group_skyline_officer,1,1,1,1
access_skyline_fundraiser_student,skyline.fundraiser.student,model_skyline_fundraiser,group_skyline_student,1,0,0,0
